{"cameraMode":{"drawMode":0,"name":"Shaded","section":"Shading Mode"},"sceneLighting":true,"audioPlay":false,"sceneViewState":{"m_AlwaysRefresh":false,"showFog":true,"showSkybox":true,"showFlares":true,"showImageEffects":true,"showParticleSystems":true,"showVisualEffectGraphs":true,"m_FxEnabled":true},"in2DMode":false,"pivot":{"x":-0.012840714305639267,"y":-0.01212310791015625,"z":0.020899295806884767},"rotation":{"x":0.38038280606269839,"y":0.021103734150528909,"z":-0.008655642159283162,"w":0.9245575666427612},"size":1.9958044290542603,"orthographic":true}